{
  "rmse": 0.35289130342597286,
  "mae": 0.28572899708979
}