{
  "rmse": 0.16439906365521464,
  "mae": 0.09492770704475544
}