{
  "linear": {
    "rmse": 0.8020319474484194,
    "mae": 0.5399423610458688
  },
  "xgboost": {
    "rmse": 0.6684139550271454,
    "mae": 0.41997697452852983
  }
}