{
  "xgboost": {
    "rmse": 0.49351427764789807,
    "mae": 0.3364177443255022
  },
  "premium_mape": 26.09015941108963
}